horizon_years,preset,asset_class,expected_return,volatility,stock_index_correlation,notes,distribution_yield,qualified_dividend_fraction,tax_exempt_yield
1,CONSERVATIVE,US Large Cap,5.20%,16.20%,1.00,"2026-06-09 refresh: editable long-horizon planning assumptions; CSV is authoritative, hardcoded values are fallback only; not a forecast.",1.50%,90.00%,0.00%
1,CONSERVATIVE,US Mid Cap,5.60%,19.44%,0.94,"2026-06-09 refresh: editable long-horizon planning assumptions; CSV is authoritative, hardcoded values are fallback only; not a forecast.",1.50%,90.00%,0.00%
1,CONSERVATIVE,US Small Cap,6.20%,23.76%,0.88,"2026-06-09 refresh: editable long-horizon planning assumptions; CSV is authoritative, hardcoded values are fallback only; not a forecast.",1.50%,90.00%,0.00%
1,CONSERVATIVE,International,5.00%,18.36%,0.82,"2026-06-09 refresh: editable long-horizon planning assumptions; CSV is authoritative, hardcoded values are fallback only; not a forecast.",3.00%,75.00%,0.00%
1,CONSERVATIVE,Emerging Markets,6.00%,23.76%,0.72,"2026-06-09 refresh: editable long-horizon planning assumptions; CSV is authoritative, hardcoded values are fallback only; not a forecast.",2.50%,70.00%,0.00%
1,CONSERVATIVE,Commodities,2.20%,19.44%,0.15,"2026-06-09 refresh: editable long-horizon planning assumptions; CSV is authoritative, hardcoded values are fallback only; not a forecast.",3.00%,0.00%,0.00%
1,CONSERVATIVE,Bonds,2.20%,5.40%,-0.20,"2026-06-09 refresh: editable long-horizon planning assumptions; CSV is authoritative, hardcoded values are fallback only; not a forecast.",4.00%,0.00%,0.00%
1,CONSERVATIVE,Short-Term Bonds,1.40%,3.24%,0.05,"2026-06-09 refresh: editable long-horizon planning assumptions; CSV is authoritative, hardcoded values are fallback only; not a forecast.",4.00%,0.00%,0.00%
1,CONSERVATIVE,TIPS,1.80%,5.40%,0.10,"2026-06-09 refresh: editable long-horizon planning assumptions; CSV is authoritative, hardcoded values are fallback only; not a forecast.",4.00%,0.00%,0.00%
1,CONSERVATIVE,Municipal Bonds,1.50%,4.86%,-0.10,"2026-06-09 refresh: editable long-horizon planning assumptions; CSV is authoritative, hardcoded values are fallback only; not a forecast.",0.00%,0.00%,3.00%
1,CONSERVATIVE,Managed Futures,3.00%,10.80%,-0.05,"2026-06-09 refresh: editable long-horizon planning assumptions; CSV is authoritative, hardcoded values are fallback only; not a forecast.",1.50%,50.00%,0.00%
1,CONSERVATIVE,Private Credit,4.00%,8.64%,0.45,"2026-06-09 refresh: editable long-horizon planning assumptions; CSV is authoritative, hardcoded values are fallback only; not a forecast.",6.00%,0.00%,0.00%
1,CONSERVATIVE,REITs,4.50%,20.52%,0.65,"2026-06-09 refresh: editable long-horizon planning assumptions; CSV is authoritative, hardcoded values are fallback only; not a forecast.",3.50%,0.00%,0.00%
1,CONSERVATIVE,Cash,2.10%,1.08%,-0.05,"2026-06-09 refresh: editable long-horizon planning assumptions; CSV is authoritative, hardcoded values are fallback only; not a forecast.",2.00%,0.00%,0.00%
1,BASELINE,US Large Cap,6.20%,15.00%,1.00,"2026-06-09 refresh: editable long-horizon planning assumptions; CSV is authoritative, hardcoded values are fallback only; not a forecast.",1.50%,90.00%,0.00%
1,BASELINE,US Mid Cap,6.60%,18.00%,0.94,"2026-06-09 refresh: editable long-horizon planning assumptions; CSV is authoritative, hardcoded values are fallback only; not a forecast.",1.50%,90.00%,0.00%
1,BASELINE,US Small Cap,7.20%,22.00%,0.88,"2026-06-09 refresh: editable long-horizon planning assumptions; CSV is authoritative, hardcoded values are fallback only; not a forecast.",1.50%,90.00%,0.00%
1,BASELINE,International,6.00%,17.00%,0.82,"2026-06-09 refresh: editable long-horizon planning assumptions; CSV is authoritative, hardcoded values are fallback only; not a forecast.",3.00%,75.00%,0.00%
1,BASELINE,Emerging Markets,7.00%,22.00%,0.72,"2026-06-09 refresh: editable long-horizon planning assumptions; CSV is authoritative, hardcoded values are fallback only; not a forecast.",2.50%,70.00%,0.00%
1,BASELINE,Commodities,3.20%,18.00%,0.15,"2026-06-09 refresh: editable long-horizon planning assumptions; CSV is authoritative, hardcoded values are fallback only; not a forecast.",3.00%,0.00%,0.00%
1,BASELINE,Bonds,3.20%,5.00%,-0.20,"2026-06-09 refresh: editable long-horizon planning assumptions; CSV is authoritative, hardcoded values are fallback only; not a forecast.",4.00%,0.00%,0.00%
1,BASELINE,Short-Term Bonds,2.40%,3.00%,0.05,"2026-06-09 refresh: editable long-horizon planning assumptions; CSV is authoritative, hardcoded values are fallback only; not a forecast.",4.00%,0.00%,0.00%
1,BASELINE,TIPS,2.80%,5.00%,0.10,"2026-06-09 refresh: editable long-horizon planning assumptions; CSV is authoritative, hardcoded values are fallback only; not a forecast.",4.00%,0.00%,0.00%
1,BASELINE,Municipal Bonds,2.50%,4.50%,-0.10,"2026-06-09 refresh: editable long-horizon planning assumptions; CSV is authoritative, hardcoded values are fallback only; not a forecast.",0.00%,0.00%,3.00%
1,BASELINE,Managed Futures,4.00%,10.00%,-0.05,"2026-06-09 refresh: editable long-horizon planning assumptions; CSV is authoritative, hardcoded values are fallback only; not a forecast.",1.50%,50.00%,0.00%
1,BASELINE,Private Credit,5.00%,8.00%,0.45,"2026-06-09 refresh: editable long-horizon planning assumptions; CSV is authoritative, hardcoded values are fallback only; not a forecast.",6.00%,0.00%,0.00%
1,BASELINE,REITs,5.50%,19.00%,0.65,"2026-06-09 refresh: editable long-horizon planning assumptions; CSV is authoritative, hardcoded values are fallback only; not a forecast.",3.50%,0.00%,0.00%
1,BASELINE,Cash,2.55%,1.00%,-0.05,"2026-06-09 refresh: editable long-horizon planning assumptions; CSV is authoritative, hardcoded values are fallback only; not a forecast.",2.00%,0.00%,0.00%
1,AGGRESSIVE,US Large Cap,7.20%,14.40%,1.00,"2026-06-09 refresh: editable long-horizon planning assumptions; CSV is authoritative, hardcoded values are fallback only; not a forecast.",1.50%,90.00%,0.00%
1,AGGRESSIVE,US Mid Cap,7.60%,17.28%,0.94,"2026-06-09 refresh: editable long-horizon planning assumptions; CSV is authoritative, hardcoded values are fallback only; not a forecast.",1.50%,90.00%,0.00%
1,AGGRESSIVE,US Small Cap,8.20%,21.12%,0.88,"2026-06-09 refresh: editable long-horizon planning assumptions; CSV is authoritative, hardcoded values are fallback only; not a forecast.",1.50%,90.00%,0.00%
1,AGGRESSIVE,International,7.00%,16.32%,0.82,"2026-06-09 refresh: editable long-horizon planning assumptions; CSV is authoritative, hardcoded values are fallback only; not a forecast.",3.00%,75.00%,0.00%
1,AGGRESSIVE,Emerging Markets,8.00%,21.12%,0.72,"2026-06-09 refresh: editable long-horizon planning assumptions; CSV is authoritative, hardcoded values are fallback only; not a forecast.",2.50%,70.00%,0.00%
1,AGGRESSIVE,Commodities,4.20%,17.28%,0.15,"2026-06-09 refresh: editable long-horizon planning assumptions; CSV is authoritative, hardcoded values are fallback only; not a forecast.",3.00%,0.00%,0.00%
1,AGGRESSIVE,Bonds,4.20%,4.80%,-0.20,"2026-06-09 refresh: editable long-horizon planning assumptions; CSV is authoritative, hardcoded values are fallback only; not a forecast.",4.00%,0.00%,0.00%
1,AGGRESSIVE,Short-Term Bonds,3.40%,2.88%,0.05,"2026-06-09 refresh: editable long-horizon planning assumptions; CSV is authoritative, hardcoded values are fallback only; not a forecast.",4.00%,0.00%,0.00%
1,AGGRESSIVE,TIPS,3.80%,4.80%,0.10,"2026-06-09 refresh: editable long-horizon planning assumptions; CSV is authoritative, hardcoded values are fallback only; not a forecast.",4.00%,0.00%,0.00%
1,AGGRESSIVE,Municipal Bonds,3.50%,4.32%,-0.10,"2026-06-09 refresh: editable long-horizon planning assumptions; CSV is authoritative, hardcoded values are fallback only; not a forecast.",0.00%,0.00%,3.00%
1,AGGRESSIVE,Managed Futures,5.00%,9.60%,-0.05,"2026-06-09 refresh: editable long-horizon planning assumptions; CSV is authoritative, hardcoded values are fallback only; not a forecast.",1.50%,50.00%,0.00%
1,AGGRESSIVE,Private Credit,6.00%,7.68%,0.45,"2026-06-09 refresh: editable long-horizon planning assumptions; CSV is authoritative, hardcoded values are fallback only; not a forecast.",6.00%,0.00%,0.00%
1,AGGRESSIVE,REITs,6.50%,18.24%,0.65,"2026-06-09 refresh: editable long-horizon planning assumptions; CSV is authoritative, hardcoded values are fallback only; not a forecast.",3.50%,0.00%,0.00%
1,AGGRESSIVE,Cash,3.00%,0.96%,-0.05,"2026-06-09 refresh: editable long-horizon planning assumptions; CSV is authoritative, hardcoded values are fallback only; not a forecast.",2.00%,0.00%,0.00%
3,CONSERVATIVE,US Large Cap,5.60%,16.20%,1.00,"2026-06-09 refresh: editable long-horizon planning assumptions; CSV is authoritative, hardcoded values are fallback only; not a forecast.",1.50%,90.00%,0.00%
3,CONSERVATIVE,US Mid Cap,6.00%,19.44%,0.94,"2026-06-09 refresh: editable long-horizon planning assumptions; CSV is authoritative, hardcoded values are fallback only; not a forecast.",1.50%,90.00%,0.00%
3,CONSERVATIVE,US Small Cap,6.60%,23.76%,0.88,"2026-06-09 refresh: editable long-horizon planning assumptions; CSV is authoritative, hardcoded values are fallback only; not a forecast.",1.50%,90.00%,0.00%
3,CONSERVATIVE,International,5.40%,18.36%,0.82,"2026-06-09 refresh: editable long-horizon planning assumptions; CSV is authoritative, hardcoded values are fallback only; not a forecast.",3.00%,75.00%,0.00%
3,CONSERVATIVE,Emerging Markets,6.40%,23.76%,0.72,"2026-06-09 refresh: editable long-horizon planning assumptions; CSV is authoritative, hardcoded values are fallback only; not a forecast.",2.50%,70.00%,0.00%
3,CONSERVATIVE,Commodities,2.60%,19.44%,0.15,"2026-06-09 refresh: editable long-horizon planning assumptions; CSV is authoritative, hardcoded values are fallback only; not a forecast.",3.00%,0.00%,0.00%
3,CONSERVATIVE,Bonds,2.60%,5.40%,-0.20,"2026-06-09 refresh: editable long-horizon planning assumptions; CSV is authoritative, hardcoded values are fallback only; not a forecast.",4.00%,0.00%,0.00%
3,CONSERVATIVE,Short-Term Bonds,1.80%,3.24%,0.05,"2026-06-09 refresh: editable long-horizon planning assumptions; CSV is authoritative, hardcoded values are fallback only; not a forecast.",4.00%,0.00%,0.00%
3,CONSERVATIVE,TIPS,2.20%,5.40%,0.10,"2026-06-09 refresh: editable long-horizon planning assumptions; CSV is authoritative, hardcoded values are fallback only; not a forecast.",4.00%,0.00%,0.00%
3,CONSERVATIVE,Municipal Bonds,1.90%,4.86%,-0.10,"2026-06-09 refresh: editable long-horizon planning assumptions; CSV is authoritative, hardcoded values are fallback only; not a forecast.",0.00%,0.00%,3.00%
3,CONSERVATIVE,Managed Futures,3.40%,10.80%,-0.05,"2026-06-09 refresh: editable long-horizon planning assumptions; CSV is authoritative, hardcoded values are fallback only; not a forecast.",1.50%,50.00%,0.00%
3,CONSERVATIVE,Private Credit,4.40%,8.64%,0.45,"2026-06-09 refresh: editable long-horizon planning assumptions; CSV is authoritative, hardcoded values are fallback only; not a forecast.",6.00%,0.00%,0.00%
3,CONSERVATIVE,REITs,4.90%,20.52%,0.65,"2026-06-09 refresh: editable long-horizon planning assumptions; CSV is authoritative, hardcoded values are fallback only; not a forecast.",3.50%,0.00%,0.00%
3,CONSERVATIVE,Cash,2.28%,1.08%,-0.05,"2026-06-09 refresh: editable long-horizon planning assumptions; CSV is authoritative, hardcoded values are fallback only; not a forecast.",2.00%,0.00%,0.00%
3,BASELINE,US Large Cap,6.60%,15.00%,1.00,"2026-06-09 refresh: editable long-horizon planning assumptions; CSV is authoritative, hardcoded values are fallback only; not a forecast.",1.50%,90.00%,0.00%
3,BASELINE,US Mid Cap,7.00%,18.00%,0.94,"2026-06-09 refresh: editable long-horizon planning assumptions; CSV is authoritative, hardcoded values are fallback only; not a forecast.",1.50%,90.00%,0.00%
3,BASELINE,US Small Cap,7.60%,22.00%,0.88,"2026-06-09 refresh: editable long-horizon planning assumptions; CSV is authoritative, hardcoded values are fallback only; not a forecast.",1.50%,90.00%,0.00%
3,BASELINE,International,6.40%,17.00%,0.82,"2026-06-09 refresh: editable long-horizon planning assumptions; CSV is authoritative, hardcoded values are fallback only; not a forecast.",3.00%,75.00%,0.00%
3,BASELINE,Emerging Markets,7.40%,22.00%,0.72,"2026-06-09 refresh: editable long-horizon planning assumptions; CSV is authoritative, hardcoded values are fallback only; not a forecast.",2.50%,70.00%,0.00%
3,BASELINE,Commodities,3.60%,18.00%,0.15,"2026-06-09 refresh: editable long-horizon planning assumptions; CSV is authoritative, hardcoded values are fallback only; not a forecast.",3.00%,0.00%,0.00%
3,BASELINE,Bonds,3.60%,5.00%,-0.20,"2026-06-09 refresh: editable long-horizon planning assumptions; CSV is authoritative, hardcoded values are fallback only; not a forecast.",4.00%,0.00%,0.00%
3,BASELINE,Short-Term Bonds,2.80%,3.00%,0.05,"2026-06-09 refresh: editable long-horizon planning assumptions; CSV is authoritative, hardcoded values are fallback only; not a forecast.",4.00%,0.00%,0.00%
3,BASELINE,TIPS,3.20%,5.00%,0.10,"2026-06-09 refresh: editable long-horizon planning assumptions; CSV is authoritative, hardcoded values are fallback only; not a forecast.",4.00%,0.00%,0.00%
3,BASELINE,Municipal Bonds,2.90%,4.50%,-0.10,"2026-06-09 refresh: editable long-horizon planning assumptions; CSV is authoritative, hardcoded values are fallback only; not a forecast.",0.00%,0.00%,3.00%
3,BASELINE,Managed Futures,4.40%,10.00%,-0.05,"2026-06-09 refresh: editable long-horizon planning assumptions; CSV is authoritative, hardcoded values are fallback only; not a forecast.",1.50%,50.00%,0.00%
3,BASELINE,Private Credit,5.40%,8.00%,0.45,"2026-06-09 refresh: editable long-horizon planning assumptions; CSV is authoritative, hardcoded values are fallback only; not a forecast.",6.00%,0.00%,0.00%
3,BASELINE,REITs,5.90%,19.00%,0.65,"2026-06-09 refresh: editable long-horizon planning assumptions; CSV is authoritative, hardcoded values are fallback only; not a forecast.",3.50%,0.00%,0.00%
3,BASELINE,Cash,2.73%,1.00%,-0.05,"2026-06-09 refresh: editable long-horizon planning assumptions; CSV is authoritative, hardcoded values are fallback only; not a forecast.",2.00%,0.00%,0.00%
3,AGGRESSIVE,US Large Cap,7.60%,14.40%,1.00,"2026-06-09 refresh: editable long-horizon planning assumptions; CSV is authoritative, hardcoded values are fallback only; not a forecast.",1.50%,90.00%,0.00%
3,AGGRESSIVE,US Mid Cap,8.00%,17.28%,0.94,"2026-06-09 refresh: editable long-horizon planning assumptions; CSV is authoritative, hardcoded values are fallback only; not a forecast.",1.50%,90.00%,0.00%
3,AGGRESSIVE,US Small Cap,8.60%,21.12%,0.88,"2026-06-09 refresh: editable long-horizon planning assumptions; CSV is authoritative, hardcoded values are fallback only; not a forecast.",1.50%,90.00%,0.00%
3,AGGRESSIVE,International,7.40%,16.32%,0.82,"2026-06-09 refresh: editable long-horizon planning assumptions; CSV is authoritative, hardcoded values are fallback only; not a forecast.",3.00%,75.00%,0.00%
3,AGGRESSIVE,Emerging Markets,8.40%,21.12%,0.72,"2026-06-09 refresh: editable long-horizon planning assumptions; CSV is authoritative, hardcoded values are fallback only; not a forecast.",2.50%,70.00%,0.00%
3,AGGRESSIVE,Commodities,4.60%,17.28%,0.15,"2026-06-09 refresh: editable long-horizon planning assumptions; CSV is authoritative, hardcoded values are fallback only; not a forecast.",3.00%,0.00%,0.00%
3,AGGRESSIVE,Bonds,4.60%,4.80%,-0.20,"2026-06-09 refresh: editable long-horizon planning assumptions; CSV is authoritative, hardcoded values are fallback only; not a forecast.",4.00%,0.00%,0.00%
3,AGGRESSIVE,Short-Term Bonds,3.80%,2.88%,0.05,"2026-06-09 refresh: editable long-horizon planning assumptions; CSV is authoritative, hardcoded values are fallback only; not a forecast.",4.00%,0.00%,0.00%
3,AGGRESSIVE,TIPS,4.20%,4.80%,0.10,"2026-06-09 refresh: editable long-horizon planning assumptions; CSV is authoritative, hardcoded values are fallback only; not a forecast.",4.00%,0.00%,0.00%
3,AGGRESSIVE,Municipal Bonds,3.90%,4.32%,-0.10,"2026-06-09 refresh: editable long-horizon planning assumptions; CSV is authoritative, hardcoded values are fallback only; not a forecast.",0.00%,0.00%,3.00%
3,AGGRESSIVE,Managed Futures,5.40%,9.60%,-0.05,"2026-06-09 refresh: editable long-horizon planning assumptions; CSV is authoritative, hardcoded values are fallback only; not a forecast.",1.50%,50.00%,0.00%
3,AGGRESSIVE,Private Credit,6.40%,7.68%,0.45,"2026-06-09 refresh: editable long-horizon planning assumptions; CSV is authoritative, hardcoded values are fallback only; not a forecast.",6.00%,0.00%,0.00%
3,AGGRESSIVE,REITs,6.90%,18.24%,0.65,"2026-06-09 refresh: editable long-horizon planning assumptions; CSV is authoritative, hardcoded values are fallback only; not a forecast.",3.50%,0.00%,0.00%
3,AGGRESSIVE,Cash,3.18%,0.96%,-0.05,"2026-06-09 refresh: editable long-horizon planning assumptions; CSV is authoritative, hardcoded values are fallback only; not a forecast.",2.00%,0.00%,0.00%
5,CONSERVATIVE,US Large Cap,5.90%,16.20%,1.00,"2026-06-09 refresh: editable long-horizon planning assumptions; CSV is authoritative, hardcoded values are fallback only; not a forecast.",1.50%,90.00%,0.00%
5,CONSERVATIVE,US Mid Cap,6.30%,19.44%,0.94,"2026-06-09 refresh: editable long-horizon planning assumptions; CSV is authoritative, hardcoded values are fallback only; not a forecast.",1.50%,90.00%,0.00%
5,CONSERVATIVE,US Small Cap,6.90%,23.76%,0.88,"2026-06-09 refresh: editable long-horizon planning assumptions; CSV is authoritative, hardcoded values are fallback only; not a forecast.",1.50%,90.00%,0.00%
5,CONSERVATIVE,International,5.70%,18.36%,0.82,"2026-06-09 refresh: editable long-horizon planning assumptions; CSV is authoritative, hardcoded values are fallback only; not a forecast.",3.00%,75.00%,0.00%
5,CONSERVATIVE,Emerging Markets,6.70%,23.76%,0.72,"2026-06-09 refresh: editable long-horizon planning assumptions; CSV is authoritative, hardcoded values are fallback only; not a forecast.",2.50%,70.00%,0.00%
5,CONSERVATIVE,Commodities,2.90%,19.44%,0.15,"2026-06-09 refresh: editable long-horizon planning assumptions; CSV is authoritative, hardcoded values are fallback only; not a forecast.",3.00%,0.00%,0.00%
5,CONSERVATIVE,Bonds,2.90%,5.40%,-0.20,"2026-06-09 refresh: editable long-horizon planning assumptions; CSV is authoritative, hardcoded values are fallback only; not a forecast.",4.00%,0.00%,0.00%
5,CONSERVATIVE,Short-Term Bonds,2.10%,3.24%,0.05,"2026-06-09 refresh: editable long-horizon planning assumptions; CSV is authoritative, hardcoded values are fallback only; not a forecast.",4.00%,0.00%,0.00%
5,CONSERVATIVE,TIPS,2.50%,5.40%,0.10,"2026-06-09 refresh: editable long-horizon planning assumptions; CSV is authoritative, hardcoded values are fallback only; not a forecast.",4.00%,0.00%,0.00%
5,CONSERVATIVE,Municipal Bonds,2.20%,4.86%,-0.10,"2026-06-09 refresh: editable long-horizon planning assumptions; CSV is authoritative, hardcoded values are fallback only; not a forecast.",0.00%,0.00%,3.00%
5,CONSERVATIVE,Managed Futures,3.70%,10.80%,-0.05,"2026-06-09 refresh: editable long-horizon planning assumptions; CSV is authoritative, hardcoded values are fallback only; not a forecast.",1.50%,50.00%,0.00%
5,CONSERVATIVE,Private Credit,4.70%,8.64%,0.45,"2026-06-09 refresh: editable long-horizon planning assumptions; CSV is authoritative, hardcoded values are fallback only; not a forecast.",6.00%,0.00%,0.00%
5,CONSERVATIVE,REITs,5.20%,20.52%,0.65,"2026-06-09 refresh: editable long-horizon planning assumptions; CSV is authoritative, hardcoded values are fallback only; not a forecast.",3.50%,0.00%,0.00%
5,CONSERVATIVE,Cash,2.41%,1.08%,-0.05,"2026-06-09 refresh: editable long-horizon planning assumptions; CSV is authoritative, hardcoded values are fallback only; not a forecast.",2.00%,0.00%,0.00%
5,BASELINE,US Large Cap,6.90%,15.00%,1.00,"2026-06-09 refresh: editable long-horizon planning assumptions; CSV is authoritative, hardcoded values are fallback only; not a forecast.",1.50%,90.00%,0.00%
5,BASELINE,US Mid Cap,7.30%,18.00%,0.94,"2026-06-09 refresh: editable long-horizon planning assumptions; CSV is authoritative, hardcoded values are fallback only; not a forecast.",1.50%,90.00%,0.00%
5,BASELINE,US Small Cap,7.90%,22.00%,0.88,"2026-06-09 refresh: editable long-horizon planning assumptions; CSV is authoritative, hardcoded values are fallback only; not a forecast.",1.50%,90.00%,0.00%
5,BASELINE,International,6.70%,17.00%,0.82,"2026-06-09 refresh: editable long-horizon planning assumptions; CSV is authoritative, hardcoded values are fallback only; not a forecast.",3.00%,75.00%,0.00%
5,BASELINE,Emerging Markets,7.70%,22.00%,0.72,"2026-06-09 refresh: editable long-horizon planning assumptions; CSV is authoritative, hardcoded values are fallback only; not a forecast.",2.50%,70.00%,0.00%
5,BASELINE,Commodities,3.90%,18.00%,0.15,"2026-06-09 refresh: editable long-horizon planning assumptions; CSV is authoritative, hardcoded values are fallback only; not a forecast.",3.00%,0.00%,0.00%
5,BASELINE,Bonds,3.90%,5.00%,-0.20,"2026-06-09 refresh: editable long-horizon planning assumptions; CSV is authoritative, hardcoded values are fallback only; not a forecast.",4.00%,0.00%,0.00%
5,BASELINE,Short-Term Bonds,3.10%,3.00%,0.05,"2026-06-09 refresh: editable long-horizon planning assumptions; CSV is authoritative, hardcoded values are fallback only; not a forecast.",4.00%,0.00%,0.00%
5,BASELINE,TIPS,3.50%,5.00%,0.10,"2026-06-09 refresh: editable long-horizon planning assumptions; CSV is authoritative, hardcoded values are fallback only; not a forecast.",4.00%,0.00%,0.00%
5,BASELINE,Municipal Bonds,3.20%,4.50%,-0.10,"2026-06-09 refresh: editable long-horizon planning assumptions; CSV is authoritative, hardcoded values are fallback only; not a forecast.",0.00%,0.00%,3.00%
5,BASELINE,Managed Futures,4.70%,10.00%,-0.05,"2026-06-09 refresh: editable long-horizon planning assumptions; CSV is authoritative, hardcoded values are fallback only; not a forecast.",1.50%,50.00%,0.00%
5,BASELINE,Private Credit,5.70%,8.00%,0.45,"2026-06-09 refresh: editable long-horizon planning assumptions; CSV is authoritative, hardcoded values are fallback only; not a forecast.",6.00%,0.00%,0.00%
5,BASELINE,REITs,6.20%,19.00%,0.65,"2026-06-09 refresh: editable long-horizon planning assumptions; CSV is authoritative, hardcoded values are fallback only; not a forecast.",3.50%,0.00%,0.00%
5,BASELINE,Cash,2.86%,1.00%,-0.05,"2026-06-09 refresh: editable long-horizon planning assumptions; CSV is authoritative, hardcoded values are fallback only; not a forecast.",2.00%,0.00%,0.00%
5,AGGRESSIVE,US Large Cap,7.90%,14.40%,1.00,"2026-06-09 refresh: editable long-horizon planning assumptions; CSV is authoritative, hardcoded values are fallback only; not a forecast.",1.50%,90.00%,0.00%
5,AGGRESSIVE,US Mid Cap,8.30%,17.28%,0.94,"2026-06-09 refresh: editable long-horizon planning assumptions; CSV is authoritative, hardcoded values are fallback only; not a forecast.",1.50%,90.00%,0.00%
5,AGGRESSIVE,US Small Cap,8.90%,21.12%,0.88,"2026-06-09 refresh: editable long-horizon planning assumptions; CSV is authoritative, hardcoded values are fallback only; not a forecast.",1.50%,90.00%,0.00%
5,AGGRESSIVE,International,7.70%,16.32%,0.82,"2026-06-09 refresh: editable long-horizon planning assumptions; CSV is authoritative, hardcoded values are fallback only; not a forecast.",3.00%,75.00%,0.00%
5,AGGRESSIVE,Emerging Markets,8.70%,21.12%,0.72,"2026-06-09 refresh: editable long-horizon planning assumptions; CSV is authoritative, hardcoded values are fallback only; not a forecast.",2.50%,70.00%,0.00%
5,AGGRESSIVE,Commodities,4.90%,17.28%,0.15,"2026-06-09 refresh: editable long-horizon planning assumptions; CSV is authoritative, hardcoded values are fallback only; not a forecast.",3.00%,0.00%,0.00%
5,AGGRESSIVE,Bonds,4.90%,4.80%,-0.20,"2026-06-09 refresh: editable long-horizon planning assumptions; CSV is authoritative, hardcoded values are fallback only; not a forecast.",4.00%,0.00%,0.00%
5,AGGRESSIVE,Short-Term Bonds,4.10%,2.88%,0.05,"2026-06-09 refresh: editable long-horizon planning assumptions; CSV is authoritative, hardcoded values are fallback only; not a forecast.",4.00%,0.00%,0.00%
5,AGGRESSIVE,TIPS,4.50%,4.80%,0.10,"2026-06-09 refresh: editable long-horizon planning assumptions; CSV is authoritative, hardcoded values are fallback only; not a forecast.",4.00%,0.00%,0.00%
5,AGGRESSIVE,Municipal Bonds,4.20%,4.32%,-0.10,"2026-06-09 refresh: editable long-horizon planning assumptions; CSV is authoritative, hardcoded values are fallback only; not a forecast.",0.00%,0.00%,3.00%
5,AGGRESSIVE,Managed Futures,5.70%,9.60%,-0.05,"2026-06-09 refresh: editable long-horizon planning assumptions; CSV is authoritative, hardcoded values are fallback only; not a forecast.",1.50%,50.00%,0.00%
5,AGGRESSIVE,Private Credit,6.70%,7.68%,0.45,"2026-06-09 refresh: editable long-horizon planning assumptions; CSV is authoritative, hardcoded values are fallback only; not a forecast.",6.00%,0.00%,0.00%
5,AGGRESSIVE,REITs,7.20%,18.24%,0.65,"2026-06-09 refresh: editable long-horizon planning assumptions; CSV is authoritative, hardcoded values are fallback only; not a forecast.",3.50%,0.00%,0.00%
5,AGGRESSIVE,Cash,3.31%,0.96%,-0.05,"2026-06-09 refresh: editable long-horizon planning assumptions; CSV is authoritative, hardcoded values are fallback only; not a forecast.",2.00%,0.00%,0.00%
10,CONSERVATIVE,US Large Cap,6.20%,16.20%,1.00,"2026-06-09 refresh: editable long-horizon planning assumptions; CSV is authoritative, hardcoded values are fallback only; not a forecast.",1.50%,90.00%,0.00%
10,CONSERVATIVE,US Mid Cap,6.60%,19.44%,0.94,"2026-06-09 refresh: editable long-horizon planning assumptions; CSV is authoritative, hardcoded values are fallback only; not a forecast.",1.50%,90.00%,0.00%
10,CONSERVATIVE,US Small Cap,7.20%,23.76%,0.88,"2026-06-09 refresh: editable long-horizon planning assumptions; CSV is authoritative, hardcoded values are fallback only; not a forecast.",1.50%,90.00%,0.00%
10,CONSERVATIVE,International,6.00%,18.36%,0.82,"2026-06-09 refresh: editable long-horizon planning assumptions; CSV is authoritative, hardcoded values are fallback only; not a forecast.",3.00%,75.00%,0.00%
10,CONSERVATIVE,Emerging Markets,7.00%,23.76%,0.72,"2026-06-09 refresh: editable long-horizon planning assumptions; CSV is authoritative, hardcoded values are fallback only; not a forecast.",2.50%,70.00%,0.00%
10,CONSERVATIVE,Commodities,3.20%,19.44%,0.15,"2026-06-09 refresh: editable long-horizon planning assumptions; CSV is authoritative, hardcoded values are fallback only; not a forecast.",3.00%,0.00%,0.00%
10,CONSERVATIVE,Bonds,3.20%,5.40%,-0.20,"2026-06-09 refresh: editable long-horizon planning assumptions; CSV is authoritative, hardcoded values are fallback only; not a forecast.",4.00%,0.00%,0.00%
10,CONSERVATIVE,Short-Term Bonds,2.40%,3.24%,0.05,"2026-06-09 refresh: editable long-horizon planning assumptions; CSV is authoritative, hardcoded values are fallback only; not a forecast.",4.00%,0.00%,0.00%
10,CONSERVATIVE,TIPS,2.80%,5.40%,0.10,"2026-06-09 refresh: editable long-horizon planning assumptions; CSV is authoritative, hardcoded values are fallback only; not a forecast.",4.00%,0.00%,0.00%
10,CONSERVATIVE,Municipal Bonds,2.50%,4.86%,-0.10,"2026-06-09 refresh: editable long-horizon planning assumptions; CSV is authoritative, hardcoded values are fallback only; not a forecast.",0.00%,0.00%,3.00%
10,CONSERVATIVE,Managed Futures,4.00%,10.80%,-0.05,"2026-06-09 refresh: editable long-horizon planning assumptions; CSV is authoritative, hardcoded values are fallback only; not a forecast.",1.50%,50.00%,0.00%
10,CONSERVATIVE,Private Credit,5.00%,8.64%,0.45,"2026-06-09 refresh: editable long-horizon planning assumptions; CSV is authoritative, hardcoded values are fallback only; not a forecast.",6.00%,0.00%,0.00%
10,CONSERVATIVE,REITs,5.50%,20.52%,0.65,"2026-06-09 refresh: editable long-horizon planning assumptions; CSV is authoritative, hardcoded values are fallback only; not a forecast.",3.50%,0.00%,0.00%
10,CONSERVATIVE,Cash,2.55%,1.08%,-0.05,"2026-06-09 refresh: editable long-horizon planning assumptions; CSV is authoritative, hardcoded values are fallback only; not a forecast.",2.00%,0.00%,0.00%
10,BASELINE,US Large Cap,7.20%,15.00%,1.00,"2026-06-09 refresh: editable long-horizon planning assumptions; CSV is authoritative, hardcoded values are fallback only; not a forecast.",1.50%,90.00%,0.00%
10,BASELINE,US Mid Cap,7.60%,18.00%,0.94,"2026-06-09 refresh: editable long-horizon planning assumptions; CSV is authoritative, hardcoded values are fallback only; not a forecast.",1.50%,90.00%,0.00%
10,BASELINE,US Small Cap,8.20%,22.00%,0.88,"2026-06-09 refresh: editable long-horizon planning assumptions; CSV is authoritative, hardcoded values are fallback only; not a forecast.",1.50%,90.00%,0.00%
10,BASELINE,International,7.00%,17.00%,0.82,"2026-06-09 refresh: editable long-horizon planning assumptions; CSV is authoritative, hardcoded values are fallback only; not a forecast.",3.00%,75.00%,0.00%
10,BASELINE,Emerging Markets,8.00%,22.00%,0.72,"2026-06-09 refresh: editable long-horizon planning assumptions; CSV is authoritative, hardcoded values are fallback only; not a forecast.",2.50%,70.00%,0.00%
10,BASELINE,Commodities,4.20%,18.00%,0.15,"2026-06-09 refresh: editable long-horizon planning assumptions; CSV is authoritative, hardcoded values are fallback only; not a forecast.",3.00%,0.00%,0.00%
10,BASELINE,Bonds,4.20%,5.00%,-0.20,"2026-06-09 refresh: editable long-horizon planning assumptions; CSV is authoritative, hardcoded values are fallback only; not a forecast.",4.00%,0.00%,0.00%
10,BASELINE,Short-Term Bonds,3.40%,3.00%,0.05,"2026-06-09 refresh: editable long-horizon planning assumptions; CSV is authoritative, hardcoded values are fallback only; not a forecast.",4.00%,0.00%,0.00%
10,BASELINE,TIPS,3.80%,5.00%,0.10,"2026-06-09 refresh: editable long-horizon planning assumptions; CSV is authoritative, hardcoded values are fallback only; not a forecast.",4.00%,0.00%,0.00%
10,BASELINE,Municipal Bonds,3.50%,4.50%,-0.10,"2026-06-09 refresh: editable long-horizon planning assumptions; CSV is authoritative, hardcoded values are fallback only; not a forecast.",0.00%,0.00%,3.00%
10,BASELINE,Managed Futures,5.00%,10.00%,-0.05,"2026-06-09 refresh: editable long-horizon planning assumptions; CSV is authoritative, hardcoded values are fallback only; not a forecast.",1.50%,50.00%,0.00%
10,BASELINE,Private Credit,6.00%,8.00%,0.45,"2026-06-09 refresh: editable long-horizon planning assumptions; CSV is authoritative, hardcoded values are fallback only; not a forecast.",6.00%,0.00%,0.00%
10,BASELINE,REITs,6.50%,19.00%,0.65,"2026-06-09 refresh: editable long-horizon planning assumptions; CSV is authoritative, hardcoded values are fallback only; not a forecast.",3.50%,0.00%,0.00%
10,BASELINE,Cash,3.00%,1.00%,-0.05,"2026-06-09 refresh: editable long-horizon planning assumptions; CSV is authoritative, hardcoded values are fallback only; not a forecast.",2.00%,0.00%,0.00%
10,AGGRESSIVE,US Large Cap,8.20%,14.40%,1.00,"2026-06-09 refresh: editable long-horizon planning assumptions; CSV is authoritative, hardcoded values are fallback only; not a forecast.",1.50%,90.00%,0.00%
10,AGGRESSIVE,US Mid Cap,8.60%,17.28%,0.94,"2026-06-09 refresh: editable long-horizon planning assumptions; CSV is authoritative, hardcoded values are fallback only; not a forecast.",1.50%,90.00%,0.00%
10,AGGRESSIVE,US Small Cap,9.20%,21.12%,0.88,"2026-06-09 refresh: editable long-horizon planning assumptions; CSV is authoritative, hardcoded values are fallback only; not a forecast.",1.50%,90.00%,0.00%
10,AGGRESSIVE,International,8.00%,16.32%,0.82,"2026-06-09 refresh: editable long-horizon planning assumptions; CSV is authoritative, hardcoded values are fallback only; not a forecast.",3.00%,75.00%,0.00%
10,AGGRESSIVE,Emerging Markets,9.00%,21.12%,0.72,"2026-06-09 refresh: editable long-horizon planning assumptions; CSV is authoritative, hardcoded values are fallback only; not a forecast.",2.50%,70.00%,0.00%
10,AGGRESSIVE,Commodities,5.20%,17.28%,0.15,"2026-06-09 refresh: editable long-horizon planning assumptions; CSV is authoritative, hardcoded values are fallback only; not a forecast.",3.00%,0.00%,0.00%
10,AGGRESSIVE,Bonds,5.20%,4.80%,-0.20,"2026-06-09 refresh: editable long-horizon planning assumptions; CSV is authoritative, hardcoded values are fallback only; not a forecast.",4.00%,0.00%,0.00%
10,AGGRESSIVE,Short-Term Bonds,4.40%,2.88%,0.05,"2026-06-09 refresh: editable long-horizon planning assumptions; CSV is authoritative, hardcoded values are fallback only; not a forecast.",4.00%,0.00%,0.00%
10,AGGRESSIVE,TIPS,4.80%,4.80%,0.10,"2026-06-09 refresh: editable long-horizon planning assumptions; CSV is authoritative, hardcoded values are fallback only; not a forecast.",4.00%,0.00%,0.00%
10,AGGRESSIVE,Municipal Bonds,4.50%,4.32%,-0.10,"2026-06-09 refresh: editable long-horizon planning assumptions; CSV is authoritative, hardcoded values are fallback only; not a forecast.",0.00%,0.00%,3.00%
10,AGGRESSIVE,Managed Futures,6.00%,9.60%,-0.05,"2026-06-09 refresh: editable long-horizon planning assumptions; CSV is authoritative, hardcoded values are fallback only; not a forecast.",1.50%,50.00%,0.00%
10,AGGRESSIVE,Private Credit,7.00%,7.68%,0.45,"2026-06-09 refresh: editable long-horizon planning assumptions; CSV is authoritative, hardcoded values are fallback only; not a forecast.",6.00%,0.00%,0.00%
10,AGGRESSIVE,REITs,7.50%,18.24%,0.65,"2026-06-09 refresh: editable long-horizon planning assumptions; CSV is authoritative, hardcoded values are fallback only; not a forecast.",3.50%,0.00%,0.00%
10,AGGRESSIVE,Cash,3.45%,0.96%,-0.05,"2026-06-09 refresh: editable long-horizon planning assumptions; CSV is authoritative, hardcoded values are fallback only; not a forecast.",2.00%,0.00%,0.00%
20,CONSERVATIVE,US Large Cap,6.40%,16.20%,1.00,"2026-06-09 refresh: editable long-horizon planning assumptions; CSV is authoritative, hardcoded values are fallback only; not a forecast.",1.50%,90.00%,0.00%
20,CONSERVATIVE,US Mid Cap,6.80%,19.44%,0.94,"2026-06-09 refresh: editable long-horizon planning assumptions; CSV is authoritative, hardcoded values are fallback only; not a forecast.",1.50%,90.00%,0.00%
20,CONSERVATIVE,US Small Cap,7.40%,23.76%,0.88,"2026-06-09 refresh: editable long-horizon planning assumptions; CSV is authoritative, hardcoded values are fallback only; not a forecast.",1.50%,90.00%,0.00%
20,CONSERVATIVE,International,6.20%,18.36%,0.82,"2026-06-09 refresh: editable long-horizon planning assumptions; CSV is authoritative, hardcoded values are fallback only; not a forecast.",3.00%,75.00%,0.00%
20,CONSERVATIVE,Emerging Markets,7.20%,23.76%,0.72,"2026-06-09 refresh: editable long-horizon planning assumptions; CSV is authoritative, hardcoded values are fallback only; not a forecast.",2.50%,70.00%,0.00%
20,CONSERVATIVE,Commodities,3.40%,19.44%,0.15,"2026-06-09 refresh: editable long-horizon planning assumptions; CSV is authoritative, hardcoded values are fallback only; not a forecast.",3.00%,0.00%,0.00%
20,CONSERVATIVE,Bonds,3.40%,5.40%,-0.20,"2026-06-09 refresh: editable long-horizon planning assumptions; CSV is authoritative, hardcoded values are fallback only; not a forecast.",4.00%,0.00%,0.00%
20,CONSERVATIVE,Short-Term Bonds,2.60%,3.24%,0.05,"2026-06-09 refresh: editable long-horizon planning assumptions; CSV is authoritative, hardcoded values are fallback only; not a forecast.",4.00%,0.00%,0.00%
20,CONSERVATIVE,TIPS,3.00%,5.40%,0.10,"2026-06-09 refresh: editable long-horizon planning assumptions; CSV is authoritative, hardcoded values are fallback only; not a forecast.",4.00%,0.00%,0.00%
20,CONSERVATIVE,Municipal Bonds,2.70%,4.86%,-0.10,"2026-06-09 refresh: editable long-horizon planning assumptions; CSV is authoritative, hardcoded values are fallback only; not a forecast.",0.00%,0.00%,3.00%
20,CONSERVATIVE,Managed Futures,4.20%,10.80%,-0.05,"2026-06-09 refresh: editable long-horizon planning assumptions; CSV is authoritative, hardcoded values are fallback only; not a forecast.",1.50%,50.00%,0.00%
20,CONSERVATIVE,Private Credit,5.20%,8.64%,0.45,"2026-06-09 refresh: editable long-horizon planning assumptions; CSV is authoritative, hardcoded values are fallback only; not a forecast.",6.00%,0.00%,0.00%
20,CONSERVATIVE,REITs,5.70%,20.52%,0.65,"2026-06-09 refresh: editable long-horizon planning assumptions; CSV is authoritative, hardcoded values are fallback only; not a forecast.",3.50%,0.00%,0.00%
20,CONSERVATIVE,Cash,2.64%,1.08%,-0.05,"2026-06-09 refresh: editable long-horizon planning assumptions; CSV is authoritative, hardcoded values are fallback only; not a forecast.",2.00%,0.00%,0.00%
20,BASELINE,US Large Cap,7.40%,15.00%,1.00,"2026-06-09 refresh: editable long-horizon planning assumptions; CSV is authoritative, hardcoded values are fallback only; not a forecast.",1.50%,90.00%,0.00%
20,BASELINE,US Mid Cap,7.80%,18.00%,0.94,"2026-06-09 refresh: editable long-horizon planning assumptions; CSV is authoritative, hardcoded values are fallback only; not a forecast.",1.50%,90.00%,0.00%
20,BASELINE,US Small Cap,8.40%,22.00%,0.88,"2026-06-09 refresh: editable long-horizon planning assumptions; CSV is authoritative, hardcoded values are fallback only; not a forecast.",1.50%,90.00%,0.00%
20,BASELINE,International,7.20%,17.00%,0.82,"2026-06-09 refresh: editable long-horizon planning assumptions; CSV is authoritative, hardcoded values are fallback only; not a forecast.",3.00%,75.00%,0.00%
20,BASELINE,Emerging Markets,8.20%,22.00%,0.72,"2026-06-09 refresh: editable long-horizon planning assumptions; CSV is authoritative, hardcoded values are fallback only; not a forecast.",2.50%,70.00%,0.00%
20,BASELINE,Commodities,4.40%,18.00%,0.15,"2026-06-09 refresh: editable long-horizon planning assumptions; CSV is authoritative, hardcoded values are fallback only; not a forecast.",3.00%,0.00%,0.00%
20,BASELINE,Bonds,4.40%,5.00%,-0.20,"2026-06-09 refresh: editable long-horizon planning assumptions; CSV is authoritative, hardcoded values are fallback only; not a forecast.",4.00%,0.00%,0.00%
20,BASELINE,Short-Term Bonds,3.60%,3.00%,0.05,"2026-06-09 refresh: editable long-horizon planning assumptions; CSV is authoritative, hardcoded values are fallback only; not a forecast.",4.00%,0.00%,0.00%
20,BASELINE,TIPS,4.00%,5.00%,0.10,"2026-06-09 refresh: editable long-horizon planning assumptions; CSV is authoritative, hardcoded values are fallback only; not a forecast.",4.00%,0.00%,0.00%
20,BASELINE,Municipal Bonds,3.70%,4.50%,-0.10,"2026-06-09 refresh: editable long-horizon planning assumptions; CSV is authoritative, hardcoded values are fallback only; not a forecast.",0.00%,0.00%,3.00%
20,BASELINE,Managed Futures,5.20%,10.00%,-0.05,"2026-06-09 refresh: editable long-horizon planning assumptions; CSV is authoritative, hardcoded values are fallback only; not a forecast.",1.50%,50.00%,0.00%
20,BASELINE,Private Credit,6.20%,8.00%,0.45,"2026-06-09 refresh: editable long-horizon planning assumptions; CSV is authoritative, hardcoded values are fallback only; not a forecast.",6.00%,0.00%,0.00%
20,BASELINE,REITs,6.70%,19.00%,0.65,"2026-06-09 refresh: editable long-horizon planning assumptions; CSV is authoritative, hardcoded values are fallback only; not a forecast.",3.50%,0.00%,0.00%
20,BASELINE,Cash,3.09%,1.00%,-0.05,"2026-06-09 refresh: editable long-horizon planning assumptions; CSV is authoritative, hardcoded values are fallback only; not a forecast.",2.00%,0.00%,0.00%
20,AGGRESSIVE,US Large Cap,8.40%,14.40%,1.00,"2026-06-09 refresh: editable long-horizon planning assumptions; CSV is authoritative, hardcoded values are fallback only; not a forecast.",1.50%,90.00%,0.00%
20,AGGRESSIVE,US Mid Cap,8.80%,17.28%,0.94,"2026-06-09 refresh: editable long-horizon planning assumptions; CSV is authoritative, hardcoded values are fallback only; not a forecast.",1.50%,90.00%,0.00%
20,AGGRESSIVE,US Small Cap,9.40%,21.12%,0.88,"2026-06-09 refresh: editable long-horizon planning assumptions; CSV is authoritative, hardcoded values are fallback only; not a forecast.",1.50%,90.00%,0.00%
20,AGGRESSIVE,International,8.20%,16.32%,0.82,"2026-06-09 refresh: editable long-horizon planning assumptions; CSV is authoritative, hardcoded values are fallback only; not a forecast.",3.00%,75.00%,0.00%
20,AGGRESSIVE,Emerging Markets,9.20%,21.12%,0.72,"2026-06-09 refresh: editable long-horizon planning assumptions; CSV is authoritative, hardcoded values are fallback only; not a forecast.",2.50%,70.00%,0.00%
20,AGGRESSIVE,Commodities,5.40%,17.28%,0.15,"2026-06-09 refresh: editable long-horizon planning assumptions; CSV is authoritative, hardcoded values are fallback only; not a forecast.",3.00%,0.00%,0.00%
20,AGGRESSIVE,Bonds,5.40%,4.80%,-0.20,"2026-06-09 refresh: editable long-horizon planning assumptions; CSV is authoritative, hardcoded values are fallback only; not a forecast.",4.00%,0.00%,0.00%
20,AGGRESSIVE,Short-Term Bonds,4.60%,2.88%,0.05,"2026-06-09 refresh: editable long-horizon planning assumptions; CSV is authoritative, hardcoded values are fallback only; not a forecast.",4.00%,0.00%,0.00%
20,AGGRESSIVE,TIPS,5.00%,4.80%,0.10,"2026-06-09 refresh: editable long-horizon planning assumptions; CSV is authoritative, hardcoded values are fallback only; not a forecast.",4.00%,0.00%,0.00%
20,AGGRESSIVE,Municipal Bonds,4.70%,4.32%,-0.10,"2026-06-09 refresh: editable long-horizon planning assumptions; CSV is authoritative, hardcoded values are fallback only; not a forecast.",0.00%,0.00%,3.00%
20,AGGRESSIVE,Managed Futures,6.20%,9.60%,-0.05,"2026-06-09 refresh: editable long-horizon planning assumptions; CSV is authoritative, hardcoded values are fallback only; not a forecast.",1.50%,50.00%,0.00%
20,AGGRESSIVE,Private Credit,7.20%,7.68%,0.45,"2026-06-09 refresh: editable long-horizon planning assumptions; CSV is authoritative, hardcoded values are fallback only; not a forecast.",6.00%,0.00%,0.00%
20,AGGRESSIVE,REITs,7.70%,18.24%,0.65,"2026-06-09 refresh: editable long-horizon planning assumptions; CSV is authoritative, hardcoded values are fallback only; not a forecast.",3.50%,0.00%,0.00%
20,AGGRESSIVE,Cash,3.54%,0.96%,-0.05,"2026-06-09 refresh: editable long-horizon planning assumptions; CSV is authoritative, hardcoded values are fallback only; not a forecast.",2.00%,0.00%,0.00%
25,CONSERVATIVE,US Large Cap,6.50%,16.20%,1.00,"2026-06-09 refresh: editable long-horizon planning assumptions; CSV is authoritative, hardcoded values are fallback only; not a forecast.",1.50%,90.00%,0.00%
25,CONSERVATIVE,US Mid Cap,6.90%,19.44%,0.94,"2026-06-09 refresh: editable long-horizon planning assumptions; CSV is authoritative, hardcoded values are fallback only; not a forecast.",1.50%,90.00%,0.00%
25,CONSERVATIVE,US Small Cap,7.50%,23.76%,0.88,"2026-06-09 refresh: editable long-horizon planning assumptions; CSV is authoritative, hardcoded values are fallback only; not a forecast.",1.50%,90.00%,0.00%
25,CONSERVATIVE,International,6.30%,18.36%,0.82,"2026-06-09 refresh: editable long-horizon planning assumptions; CSV is authoritative, hardcoded values are fallback only; not a forecast.",3.00%,75.00%,0.00%
25,CONSERVATIVE,Emerging Markets,7.30%,23.76%,0.72,"2026-06-09 refresh: editable long-horizon planning assumptions; CSV is authoritative, hardcoded values are fallback only; not a forecast.",2.50%,70.00%,0.00%
25,CONSERVATIVE,Commodities,3.50%,19.44%,0.15,"2026-06-09 refresh: editable long-horizon planning assumptions; CSV is authoritative, hardcoded values are fallback only; not a forecast.",3.00%,0.00%,0.00%
25,CONSERVATIVE,Bonds,3.50%,5.40%,-0.20,"2026-06-09 refresh: editable long-horizon planning assumptions; CSV is authoritative, hardcoded values are fallback only; not a forecast.",4.00%,0.00%,0.00%
25,CONSERVATIVE,Short-Term Bonds,2.70%,3.24%,0.05,"2026-06-09 refresh: editable long-horizon planning assumptions; CSV is authoritative, hardcoded values are fallback only; not a forecast.",4.00%,0.00%,0.00%
25,CONSERVATIVE,TIPS,3.10%,5.40%,0.10,"2026-06-09 refresh: editable long-horizon planning assumptions; CSV is authoritative, hardcoded values are fallback only; not a forecast.",4.00%,0.00%,0.00%
25,CONSERVATIVE,Municipal Bonds,2.80%,4.86%,-0.10,"2026-06-09 refresh: editable long-horizon planning assumptions; CSV is authoritative, hardcoded values are fallback only; not a forecast.",0.00%,0.00%,3.00%
25,CONSERVATIVE,Managed Futures,4.30%,10.80%,-0.05,"2026-06-09 refresh: editable long-horizon planning assumptions; CSV is authoritative, hardcoded values are fallback only; not a forecast.",1.50%,50.00%,0.00%
25,CONSERVATIVE,Private Credit,5.30%,8.64%,0.45,"2026-06-09 refresh: editable long-horizon planning assumptions; CSV is authoritative, hardcoded values are fallback only; not a forecast.",6.00%,0.00%,0.00%
25,CONSERVATIVE,REITs,5.80%,20.52%,0.65,"2026-06-09 refresh: editable long-horizon planning assumptions; CSV is authoritative, hardcoded values are fallback only; not a forecast.",3.50%,0.00%,0.00%
25,CONSERVATIVE,Cash,2.69%,1.08%,-0.05,"2026-06-09 refresh: editable long-horizon planning assumptions; CSV is authoritative, hardcoded values are fallback only; not a forecast.",2.00%,0.00%,0.00%
25,BASELINE,US Large Cap,7.50%,15.00%,1.00,"2026-06-09 refresh: editable long-horizon planning assumptions; CSV is authoritative, hardcoded values are fallback only; not a forecast.",1.50%,90.00%,0.00%
25,BASELINE,US Mid Cap,7.90%,18.00%,0.94,"2026-06-09 refresh: editable long-horizon planning assumptions; CSV is authoritative, hardcoded values are fallback only; not a forecast.",1.50%,90.00%,0.00%
25,BASELINE,US Small Cap,8.50%,22.00%,0.88,"2026-06-09 refresh: editable long-horizon planning assumptions; CSV is authoritative, hardcoded values are fallback only; not a forecast.",1.50%,90.00%,0.00%
25,BASELINE,International,7.30%,17.00%,0.82,"2026-06-09 refresh: editable long-horizon planning assumptions; CSV is authoritative, hardcoded values are fallback only; not a forecast.",3.00%,75.00%,0.00%
25,BASELINE,Emerging Markets,8.30%,22.00%,0.72,"2026-06-09 refresh: editable long-horizon planning assumptions; CSV is authoritative, hardcoded values are fallback only; not a forecast.",2.50%,70.00%,0.00%
25,BASELINE,Commodities,4.50%,18.00%,0.15,"2026-06-09 refresh: editable long-horizon planning assumptions; CSV is authoritative, hardcoded values are fallback only; not a forecast.",3.00%,0.00%,0.00%
25,BASELINE,Bonds,4.50%,5.00%,-0.20,"2026-06-09 refresh: editable long-horizon planning assumptions; CSV is authoritative, hardcoded values are fallback only; not a forecast.",4.00%,0.00%,0.00%
25,BASELINE,Short-Term Bonds,3.70%,3.00%,0.05,"2026-06-09 refresh: editable long-horizon planning assumptions; CSV is authoritative, hardcoded values are fallback only; not a forecast.",4.00%,0.00%,0.00%
25,BASELINE,TIPS,4.10%,5.00%,0.10,"2026-06-09 refresh: editable long-horizon planning assumptions; CSV is authoritative, hardcoded values are fallback only; not a forecast.",4.00%,0.00%,0.00%
25,BASELINE,Municipal Bonds,3.80%,4.50%,-0.10,"2026-06-09 refresh: editable long-horizon planning assumptions; CSV is authoritative, hardcoded values are fallback only; not a forecast.",0.00%,0.00%,3.00%
25,BASELINE,Managed Futures,5.30%,10.00%,-0.05,"2026-06-09 refresh: editable long-horizon planning assumptions; CSV is authoritative, hardcoded values are fallback only; not a forecast.",1.50%,50.00%,0.00%
25,BASELINE,Private Credit,6.30%,8.00%,0.45,"2026-06-09 refresh: editable long-horizon planning assumptions; CSV is authoritative, hardcoded values are fallback only; not a forecast.",6.00%,0.00%,0.00%
25,BASELINE,REITs,6.80%,19.00%,0.65,"2026-06-09 refresh: editable long-horizon planning assumptions; CSV is authoritative, hardcoded values are fallback only; not a forecast.",3.50%,0.00%,0.00%
25,BASELINE,Cash,3.13%,1.00%,-0.05,"2026-06-09 refresh: editable long-horizon planning assumptions; CSV is authoritative, hardcoded values are fallback only; not a forecast.",2.00%,0.00%,0.00%
25,AGGRESSIVE,US Large Cap,8.50%,14.40%,1.00,"2026-06-09 refresh: editable long-horizon planning assumptions; CSV is authoritative, hardcoded values are fallback only; not a forecast.",1.50%,90.00%,0.00%
25,AGGRESSIVE,US Mid Cap,8.90%,17.28%,0.94,"2026-06-09 refresh: editable long-horizon planning assumptions; CSV is authoritative, hardcoded values are fallback only; not a forecast.",1.50%,90.00%,0.00%
25,AGGRESSIVE,US Small Cap,9.50%,21.12%,0.88,"2026-06-09 refresh: editable long-horizon planning assumptions; CSV is authoritative, hardcoded values are fallback only; not a forecast.",1.50%,90.00%,0.00%
25,AGGRESSIVE,International,8.30%,16.32%,0.82,"2026-06-09 refresh: editable long-horizon planning assumptions; CSV is authoritative, hardcoded values are fallback only; not a forecast.",3.00%,75.00%,0.00%
25,AGGRESSIVE,Emerging Markets,9.30%,21.12%,0.72,"2026-06-09 refresh: editable long-horizon planning assumptions; CSV is authoritative, hardcoded values are fallback only; not a forecast.",2.50%,70.00%,0.00%
25,AGGRESSIVE,Commodities,5.50%,17.28%,0.15,"2026-06-09 refresh: editable long-horizon planning assumptions; CSV is authoritative, hardcoded values are fallback only; not a forecast.",3.00%,0.00%,0.00%
25,AGGRESSIVE,Bonds,5.50%,4.80%,-0.20,"2026-06-09 refresh: editable long-horizon planning assumptions; CSV is authoritative, hardcoded values are fallback only; not a forecast.",4.00%,0.00%,0.00%
25,AGGRESSIVE,Short-Term Bonds,4.70%,2.88%,0.05,"2026-06-09 refresh: editable long-horizon planning assumptions; CSV is authoritative, hardcoded values are fallback only; not a forecast.",4.00%,0.00%,0.00%
25,AGGRESSIVE,TIPS,5.10%,4.80%,0.10,"2026-06-09 refresh: editable long-horizon planning assumptions; CSV is authoritative, hardcoded values are fallback only; not a forecast.",4.00%,0.00%,0.00%
25,AGGRESSIVE,Municipal Bonds,4.80%,4.32%,-0.10,"2026-06-09 refresh: editable long-horizon planning assumptions; CSV is authoritative, hardcoded values are fallback only; not a forecast.",0.00%,0.00%,3.00%
25,AGGRESSIVE,Managed Futures,6.30%,9.60%,-0.05,"2026-06-09 refresh: editable long-horizon planning assumptions; CSV is authoritative, hardcoded values are fallback only; not a forecast.",1.50%,50.00%,0.00%
25,AGGRESSIVE,Private Credit,7.30%,7.68%,0.45,"2026-06-09 refresh: editable long-horizon planning assumptions; CSV is authoritative, hardcoded values are fallback only; not a forecast.",6.00%,0.00%,0.00%
25,AGGRESSIVE,REITs,7.80%,18.24%,0.65,"2026-06-09 refresh: editable long-horizon planning assumptions; CSV is authoritative, hardcoded values are fallback only; not a forecast.",3.50%,0.00%,0.00%
25,AGGRESSIVE,Cash,3.58%,0.96%,-0.05,"2026-06-09 refresh: editable long-horizon planning assumptions; CSV is authoritative, hardcoded values are fallback only; not a forecast.",2.00%,0.00%,0.00%
30,CONSERVATIVE,US Large Cap,6.60%,16.20%,1.00,"2026-06-09 refresh: editable long-horizon planning assumptions; CSV is authoritative, hardcoded values are fallback only; not a forecast.",1.50%,90.00%,0.00%
30,CONSERVATIVE,US Mid Cap,7.00%,19.44%,0.94,"2026-06-09 refresh: editable long-horizon planning assumptions; CSV is authoritative, hardcoded values are fallback only; not a forecast.",1.50%,90.00%,0.00%
30,CONSERVATIVE,US Small Cap,7.60%,23.76%,0.88,"2026-06-09 refresh: editable long-horizon planning assumptions; CSV is authoritative, hardcoded values are fallback only; not a forecast.",1.50%,90.00%,0.00%
30,CONSERVATIVE,International,6.40%,18.36%,0.82,"2026-06-09 refresh: editable long-horizon planning assumptions; CSV is authoritative, hardcoded values are fallback only; not a forecast.",3.00%,75.00%,0.00%
30,CONSERVATIVE,Emerging Markets,7.40%,23.76%,0.72,"2026-06-09 refresh: editable long-horizon planning assumptions; CSV is authoritative, hardcoded values are fallback only; not a forecast.",2.50%,70.00%,0.00%
30,CONSERVATIVE,Commodities,3.60%,19.44%,0.15,"2026-06-09 refresh: editable long-horizon planning assumptions; CSV is authoritative, hardcoded values are fallback only; not a forecast.",3.00%,0.00%,0.00%
30,CONSERVATIVE,Bonds,3.60%,5.40%,-0.20,"2026-06-09 refresh: editable long-horizon planning assumptions; CSV is authoritative, hardcoded values are fallback only; not a forecast.",4.00%,0.00%,0.00%
30,CONSERVATIVE,Short-Term Bonds,2.80%,3.24%,0.05,"2026-06-09 refresh: editable long-horizon planning assumptions; CSV is authoritative, hardcoded values are fallback only; not a forecast.",4.00%,0.00%,0.00%
30,CONSERVATIVE,TIPS,3.20%,5.40%,0.10,"2026-06-09 refresh: editable long-horizon planning assumptions; CSV is authoritative, hardcoded values are fallback only; not a forecast.",4.00%,0.00%,0.00%
30,CONSERVATIVE,Municipal Bonds,2.90%,4.86%,-0.10,"2026-06-09 refresh: editable long-horizon planning assumptions; CSV is authoritative, hardcoded values are fallback only; not a forecast.",0.00%,0.00%,3.00%
30,CONSERVATIVE,Managed Futures,4.40%,10.80%,-0.05,"2026-06-09 refresh: editable long-horizon planning assumptions; CSV is authoritative, hardcoded values are fallback only; not a forecast.",1.50%,50.00%,0.00%
30,CONSERVATIVE,Private Credit,5.40%,8.64%,0.45,"2026-06-09 refresh: editable long-horizon planning assumptions; CSV is authoritative, hardcoded values are fallback only; not a forecast.",6.00%,0.00%,0.00%
30,CONSERVATIVE,REITs,5.90%,20.52%,0.65,"2026-06-09 refresh: editable long-horizon planning assumptions; CSV is authoritative, hardcoded values are fallback only; not a forecast.",3.50%,0.00%,0.00%
30,CONSERVATIVE,Cash,2.73%,1.08%,-0.05,"2026-06-09 refresh: editable long-horizon planning assumptions; CSV is authoritative, hardcoded values are fallback only; not a forecast.",2.00%,0.00%,0.00%
30,BASELINE,US Large Cap,7.60%,15.00%,1.00,"2026-06-09 refresh: editable long-horizon planning assumptions; CSV is authoritative, hardcoded values are fallback only; not a forecast.",1.50%,90.00%,0.00%
30,BASELINE,US Mid Cap,8.00%,18.00%,0.94,"2026-06-09 refresh: editable long-horizon planning assumptions; CSV is authoritative, hardcoded values are fallback only; not a forecast.",1.50%,90.00%,0.00%
30,BASELINE,US Small Cap,8.60%,22.00%,0.88,"2026-06-09 refresh: editable long-horizon planning assumptions; CSV is authoritative, hardcoded values are fallback only; not a forecast.",1.50%,90.00%,0.00%
30,BASELINE,International,7.40%,17.00%,0.82,"2026-06-09 refresh: editable long-horizon planning assumptions; CSV is authoritative, hardcoded values are fallback only; not a forecast.",3.00%,75.00%,0.00%
30,BASELINE,Emerging Markets,8.40%,22.00%,0.72,"2026-06-09 refresh: editable long-horizon planning assumptions; CSV is authoritative, hardcoded values are fallback only; not a forecast.",2.50%,70.00%,0.00%
30,BASELINE,Commodities,4.60%,18.00%,0.15,"2026-06-09 refresh: editable long-horizon planning assumptions; CSV is authoritative, hardcoded values are fallback only; not a forecast.",3.00%,0.00%,0.00%
30,BASELINE,Bonds,4.60%,5.00%,-0.20,"2026-06-09 refresh: editable long-horizon planning assumptions; CSV is authoritative, hardcoded values are fallback only; not a forecast.",4.00%,0.00%,0.00%
30,BASELINE,Short-Term Bonds,3.80%,3.00%,0.05,"2026-06-09 refresh: editable long-horizon planning assumptions; CSV is authoritative, hardcoded values are fallback only; not a forecast.",4.00%,0.00%,0.00%
30,BASELINE,TIPS,4.20%,5.00%,0.10,"2026-06-09 refresh: editable long-horizon planning assumptions; CSV is authoritative, hardcoded values are fallback only; not a forecast.",4.00%,0.00%,0.00%
30,BASELINE,Municipal Bonds,3.90%,4.50%,-0.10,"2026-06-09 refresh: editable long-horizon planning assumptions; CSV is authoritative, hardcoded values are fallback only; not a forecast.",0.00%,0.00%,3.00%
30,BASELINE,Managed Futures,5.40%,10.00%,-0.05,"2026-06-09 refresh: editable long-horizon planning assumptions; CSV is authoritative, hardcoded values are fallback only; not a forecast.",1.50%,50.00%,0.00%
30,BASELINE,Private Credit,6.40%,8.00%,0.45,"2026-06-09 refresh: editable long-horizon planning assumptions; CSV is authoritative, hardcoded values are fallback only; not a forecast.",6.00%,0.00%,0.00%
30,BASELINE,REITs,6.90%,19.00%,0.65,"2026-06-09 refresh: editable long-horizon planning assumptions; CSV is authoritative, hardcoded values are fallback only; not a forecast.",3.50%,0.00%,0.00%
30,BASELINE,Cash,3.18%,1.00%,-0.05,"2026-06-09 refresh: editable long-horizon planning assumptions; CSV is authoritative, hardcoded values are fallback only; not a forecast.",2.00%,0.00%,0.00%
30,AGGRESSIVE,US Large Cap,8.60%,14.40%,1.00,"2026-06-09 refresh: editable long-horizon planning assumptions; CSV is authoritative, hardcoded values are fallback only; not a forecast.",1.50%,90.00%,0.00%
30,AGGRESSIVE,US Mid Cap,9.00%,17.28%,0.94,"2026-06-09 refresh: editable long-horizon planning assumptions; CSV is authoritative, hardcoded values are fallback only; not a forecast.",1.50%,90.00%,0.00%
30,AGGRESSIVE,US Small Cap,9.60%,21.12%,0.88,"2026-06-09 refresh: editable long-horizon planning assumptions; CSV is authoritative, hardcoded values are fallback only; not a forecast.",1.50%,90.00%,0.00%
30,AGGRESSIVE,International,8.40%,16.32%,0.82,"2026-06-09 refresh: editable long-horizon planning assumptions; CSV is authoritative, hardcoded values are fallback only; not a forecast.",3.00%,75.00%,0.00%
30,AGGRESSIVE,Emerging Markets,9.40%,21.12%,0.72,"2026-06-09 refresh: editable long-horizon planning assumptions; CSV is authoritative, hardcoded values are fallback only; not a forecast.",2.50%,70.00%,0.00%
30,AGGRESSIVE,Commodities,5.60%,17.28%,0.15,"2026-06-09 refresh: editable long-horizon planning assumptions; CSV is authoritative, hardcoded values are fallback only; not a forecast.",3.00%,0.00%,0.00%
30,AGGRESSIVE,Bonds,5.60%,4.80%,-0.20,"2026-06-09 refresh: editable long-horizon planning assumptions; CSV is authoritative, hardcoded values are fallback only; not a forecast.",4.00%,0.00%,0.00%
30,AGGRESSIVE,Short-Term Bonds,4.80%,2.88%,0.05,"2026-06-09 refresh: editable long-horizon planning assumptions; CSV is authoritative, hardcoded values are fallback only; not a forecast.",4.00%,0.00%,0.00%
30,AGGRESSIVE,TIPS,5.20%,4.80%,0.10,"2026-06-09 refresh: editable long-horizon planning assumptions; CSV is authoritative, hardcoded values are fallback only; not a forecast.",4.00%,0.00%,0.00%
30,AGGRESSIVE,Municipal Bonds,4.90%,4.32%,-0.10,"2026-06-09 refresh: editable long-horizon planning assumptions; CSV is authoritative, hardcoded values are fallback only; not a forecast.",0.00%,0.00%,3.00%
30,AGGRESSIVE,Managed Futures,6.40%,9.60%,-0.05,"2026-06-09 refresh: editable long-horizon planning assumptions; CSV is authoritative, hardcoded values are fallback only; not a forecast.",1.50%,50.00%,0.00%
30,AGGRESSIVE,Private Credit,7.40%,7.68%,0.45,"2026-06-09 refresh: editable long-horizon planning assumptions; CSV is authoritative, hardcoded values are fallback only; not a forecast.",6.00%,0.00%,0.00%
30,AGGRESSIVE,REITs,7.90%,18.24%,0.65,"2026-06-09 refresh: editable long-horizon planning assumptions; CSV is authoritative, hardcoded values are fallback only; not a forecast.",3.50%,0.00%,0.00%
30,AGGRESSIVE,Cash,3.63%,0.96%,-0.05,"2026-06-09 refresh: editable long-horizon planning assumptions; CSV is authoritative, hardcoded values are fallback only; not a forecast.",2.00%,0.00%,0.00%
